<?xml version="1.0" encoding="utf-8"?>
<!--/1379246/1235919/2.50/16/4/Connector/-->
<quadcept_library>
  <setting unit="mil" />
  <textstyle name="Default" height="47.244094488189" strokewidth="7.8740157480315" charwidth="47.244094488189" />
  <textstyle name="Dimension" height="19.6850393700787" strokewidth="0" charwidth="19.6850393700787" />
  <textstyle name="H127W0635TH00762" height="50" strokewidth="3" charwidth="25" />
  <textstyle name="H15W15TH02" height="59.0551181102362" strokewidth="7.8740157480315" charwidth="59.0551181102362" />
  <padstyle name="c160.5_h107" surface="False" plated="True" isvia="False" nopaste="True" nomask="True" complex="False" holesize="42.125984251968">
    <padshape layer="TOP" shape="round" width="63.188976377952" height="63.188976377952" />
    <padshape layer="TOP_SOLDER_MASK" shape="round" width="71.062992125983" height="71.062992125983" />
    <padshape layer="INNER" shape="round" width="63.188976377952" height="63.188976377952" />
    <padshape layer="BOTTOM" shape="round" width="63.188976377952" height="63.188976377952" />
    <padshape layer="BOTTOM_SOLDER_MASK" shape="round" width="71.062992125983" height="71.062992125983" />
  </padstyle>
  <footprint name="22288160" originx="0" originy="0" pickpointx="0" pickpointy="0">
    <pcbpin number="1" name="1" style="c160.5_h107" originx="-749.99999999999" originy="-186.3779527559" rotation="90" />
    <pcbpin number="2" name="2" style="c160.5_h107" originx="-649.99999999999" originy="-186.3779527559" rotation="90" />
    <pcbpin number="3" name="3" style="c160.5_h107" originx="-549.99999999999" originy="-186.3779527559" rotation="90" />
    <pcbpin number="4" name="4" style="c160.5_h107" originx="-449.99999999999" originy="-186.3779527559" rotation="90" />
    <pcbpin number="5" name="5" style="c160.5_h107" originx="-350" originy="-186.3779527559" rotation="90" />
    <pcbpin number="6" name="6" style="c160.5_h107" originx="-250" originy="-186.3779527559" rotation="90" />
    <pcbpin number="7" name="7" style="c160.5_h107" originx="-150" originy="-186.3779527559" rotation="90" />
    <pcbpin number="8" name="8" style="c160.5_h107" originx="-49.999999999999" originy="-186.3779527559" rotation="90" />
    <pcbpin number="9" name="9" style="c160.5_h107" originx="49.999999999999" originy="-186.3779527559" rotation="90" />
    <pcbpin number="10" name="10" style="c160.5_h107" originx="150" originy="-186.3779527559" rotation="90" />
    <pcbpin number="11" name="11" style="c160.5_h107" originx="250" originy="-186.3779527559" rotation="90" />
    <pcbpin number="12" name="12" style="c160.5_h107" originx="350" originy="-186.3779527559" rotation="90" />
    <pcbpin number="13" name="13" style="c160.5_h107" originx="449.99999999999" originy="-186.3779527559" rotation="90" />
    <pcbpin number="14" name="14" style="c160.5_h107" originx="549.99999999999" originy="-186.3779527559" rotation="90" />
    <pcbpin number="15" name="15" style="c160.5_h107" originx="649.99999999999" originy="-186.3779527559" rotation="90" />
    <pcbpin number="16" name="16" style="c160.5_h107" originx="749.99999999999" originy="-186.3779527559" rotation="90" />
    <line layer="TOP_ASSEMBLY" originx="-799.99999999999" originy="-26.141732283464" endx="799.99999999999" endy="-26.141732283464" width="7.8740157480314" />
    <line layer="TOP_ASSEMBLY" originx="799.99999999999" originy="-26.141732283464" endx="799.99999999999" endy="-116.29921259842" width="7.8740157480314" />
    <line layer="TOP_ASSEMBLY" originx="799.99999999999" originy="-116.29921259842" endx="-799.99999999999" endy="-116.29921259842" width="7.8740157480314" />
    <line layer="TOP_ASSEMBLY" originx="-799.99999999999" originy="-116.29921259842" endx="-799.99999999999" endy="-26.141732283464" width="7.8740157480314" />
    <line layer="TOP_SILKSCREEN" originx="-799.99999999999" originy="-26.141732283464" endx="799.99999999999" endy="-26.141732283464" width="3.9370078740157" />
    <line layer="TOP_SILKSCREEN" originx="799.99999999999" originy="-26.141732283464" endx="799.99999999999" endy="-116.29921259842" width="3.9370078740157" />
    <line layer="TOP_SILKSCREEN" originx="799.99999999999" originy="-116.29921259842" endx="-799.99999999999" endy="-116.29921259842" width="3.9370078740157" />
    <line layer="TOP_SILKSCREEN" originx="-799.99999999999" originy="-116.29921259842" endx="-799.99999999999" endy="-26.141732283464" width="3.9370078740157" />
    <line layer="TOP_PLACE_BOUND" originx="-839.37007874015" originy="257.32283464567" endx="839.37007874015" endy="257.32283464567" width="3.9370078740157" />
    <line layer="TOP_PLACE_BOUND" originx="839.37007874015" originy="257.32283464567" endx="839.37007874015" endy="-257.32283464567" width="3.9370078740157" />
    <line layer="TOP_PLACE_BOUND" originx="839.37007874015" originy="-257.32283464567" endx="-839.37007874015" endy="-257.32283464567" width="3.9370078740157" />
    <line layer="TOP_PLACE_BOUND" originx="-839.37007874015" originy="-257.32283464567" endx="-839.37007874015" endy="257.32283464567" width="3.9370078740157" />
    <line layer="TOP_ASSEMBLY" originx="-749.99999999999" originy="-26.141732283464" endx="-749.99999999999" endy="217.95275590551" width="7.8740157480314" />
    <line layer="TOP_ASSEMBLY" originx="-649.99999999999" originy="217.95275590551" endx="-649.99999999999" endy="-26.141732283464" width="7.8740157480314" />
    <line layer="TOP_ASSEMBLY" originx="-549.99999999999" originy="217.95275590551" endx="-549.99999999999" endy="-26.141732283464" width="7.8740157480314" />
    <line layer="TOP_ASSEMBLY" originx="-449.99999999999" originy="217.95275590551" endx="-449.99999999999" endy="-26.141732283464" width="7.8740157480314" />
    <line layer="TOP_ASSEMBLY" originx="-350" originy="217.95275590551" endx="-350" endy="-26.141732283464" width="7.8740157480314" />
    <line layer="TOP_ASSEMBLY" originx="-250" originy="217.95275590551" endx="-250" endy="-26.141732283464" width="7.8740157480314" />
    <line layer="TOP_ASSEMBLY" originx="-150" originy="217.95275590551" endx="-150" endy="-26.141732283464" width="7.8740157480314" />
    <line layer="TOP_ASSEMBLY" originx="-49.999999999999" originy="217.95275590551" endx="-49.999999999999" endy="-26.141732283464" width="7.8740157480314" />
    <line layer="TOP_ASSEMBLY" originx="49.999999999999" originy="217.95275590551" endx="49.999999999999" endy="-26.141732283464" width="7.8740157480314" />
    <line layer="TOP_ASSEMBLY" originx="150" originy="217.95275590551" endx="150" endy="-26.141732283464" width="7.8740157480314" />
    <line layer="TOP_ASSEMBLY" originx="250" originy="217.95275590551" endx="250" endy="-26.141732283464" width="7.8740157480314" />
    <line layer="TOP_ASSEMBLY" originx="350" originy="217.95275590551" endx="350" endy="-26.141732283464" width="7.8740157480314" />
    <line layer="TOP_ASSEMBLY" originx="449.99999999999" originy="217.95275590551" endx="449.99999999999" endy="-26.141732283464" width="7.8740157480314" />
    <line layer="TOP_ASSEMBLY" originx="549.99999999999" originy="217.95275590551" endx="549.99999999999" endy="-26.141732283464" width="7.8740157480314" />
    <line layer="TOP_ASSEMBLY" originx="649.99999999999" originy="217.95275590551" endx="649.99999999999" endy="-26.141732283464" width="7.8740157480314" />
    <line layer="TOP_ASSEMBLY" originx="749.99999999999" originy="217.95275590551" endx="749.99999999999" endy="-26.141732283464" width="7.8740157480314" />
  </footprint>
  <symbol name="22-28-8160" originx="0" originy="0">
    <line originx="200" originy="100" endx="600" endy="100" width="0" />
    <line originx="600" originy="-1600" endx="600" endy="100" width="0" />
    <line originx="600" originy="-1600" endx="200" endy="-1600" width="0" />
    <line originx="200" originy="100" endx="200" endy="-1600" width="0" />
    <sympin number="1" originx="200" originy="0" rotation="180" length="100" width="7.8740157480315" flipped="False">
      <text name="pinname" originx="230" originy="0" style="Default" rotation="0" justify="left" flipped="False" hidden="False" data="1" />
      <text name="pindes" originx="140" originy="20" style="Default" rotation="0" justify="lowerright" flipped="False" hidden="False" data="1" />
    </sympin>
    <sympin number="2" originx="200" originy="-100" rotation="180" length="100" width="7.8740157480315" flipped="False">
      <text name="pinname" originx="230" originy="-100" style="Default" rotation="0" justify="left" flipped="False" hidden="False" data="2" />
      <text name="pindes" originx="140" originy="-80" style="Default" rotation="0" justify="lowerright" flipped="False" hidden="False" data="2" />
    </sympin>
    <sympin number="3" originx="200" originy="-200" rotation="180" length="100" width="7.8740157480315" flipped="False">
      <text name="pinname" originx="230" originy="-200" style="Default" rotation="0" justify="left" flipped="False" hidden="False" data="3" />
      <text name="pindes" originx="140" originy="-180" style="Default" rotation="0" justify="lowerright" flipped="False" hidden="False" data="3" />
    </sympin>
    <sympin number="4" originx="200" originy="-300" rotation="180" length="100" width="7.8740157480315" flipped="False">
      <text name="pinname" originx="230" originy="-300" style="Default" rotation="0" justify="left" flipped="False" hidden="False" data="4" />
      <text name="pindes" originx="140" originy="-280" style="Default" rotation="0" justify="lowerright" flipped="False" hidden="False" data="4" />
    </sympin>
    <sympin number="5" originx="200" originy="-400" rotation="180" length="100" width="7.8740157480315" flipped="False">
      <text name="pinname" originx="230" originy="-400" style="Default" rotation="0" justify="left" flipped="False" hidden="False" data="5" />
      <text name="pindes" originx="140" originy="-380" style="Default" rotation="0" justify="lowerright" flipped="False" hidden="False" data="5" />
    </sympin>
    <sympin number="6" originx="200" originy="-500" rotation="180" length="100" width="7.8740157480315" flipped="False">
      <text name="pinname" originx="230" originy="-500" style="Default" rotation="0" justify="left" flipped="False" hidden="False" data="6" />
      <text name="pindes" originx="140" originy="-480" style="Default" rotation="0" justify="lowerright" flipped="False" hidden="False" data="6" />
    </sympin>
    <sympin number="7" originx="200" originy="-600" rotation="180" length="100" width="7.8740157480315" flipped="False">
      <text name="pinname" originx="230" originy="-600" style="Default" rotation="0" justify="left" flipped="False" hidden="False" data="7" />
      <text name="pindes" originx="140" originy="-580" style="Default" rotation="0" justify="lowerright" flipped="False" hidden="False" data="7" />
    </sympin>
    <sympin number="8" originx="200" originy="-700" rotation="180" length="100" width="7.8740157480315" flipped="False">
      <text name="pinname" originx="230" originy="-700" style="Default" rotation="0" justify="left" flipped="False" hidden="False" data="8" />
      <text name="pindes" originx="140" originy="-680" style="Default" rotation="0" justify="lowerright" flipped="False" hidden="False" data="8" />
    </sympin>
    <sympin number="9" originx="200" originy="-800" rotation="180" length="100" width="7.8740157480315" flipped="False">
      <text name="pinname" originx="230" originy="-800" style="Default" rotation="0" justify="left" flipped="False" hidden="False" data="9" />
      <text name="pindes" originx="140" originy="-780" style="Default" rotation="0" justify="lowerright" flipped="False" hidden="False" data="9" />
    </sympin>
    <sympin number="10" originx="200" originy="-900" rotation="180" length="100" width="7.8740157480315" flipped="False">
      <text name="pinname" originx="230" originy="-900" style="Default" rotation="0" justify="left" flipped="False" hidden="False" data="10" />
      <text name="pindes" originx="140" originy="-880" style="Default" rotation="0" justify="lowerright" flipped="False" hidden="False" data="10" />
    </sympin>
    <sympin number="11" originx="200" originy="-1000" rotation="180" length="100" width="7.8740157480315" flipped="False">
      <text name="pinname" originx="230" originy="-1000" style="Default" rotation="0" justify="left" flipped="False" hidden="False" data="11" />
      <text name="pindes" originx="140" originy="-980" style="Default" rotation="0" justify="lowerright" flipped="False" hidden="False" data="11" />
    </sympin>
    <sympin number="12" originx="200" originy="-1100" rotation="180" length="100" width="7.8740157480315" flipped="False">
      <text name="pinname" originx="230" originy="-1100" style="Default" rotation="0" justify="left" flipped="False" hidden="False" data="12" />
      <text name="pindes" originx="140" originy="-1080" style="Default" rotation="0" justify="lowerright" flipped="False" hidden="False" data="12" />
    </sympin>
    <sympin number="13" originx="200" originy="-1200" rotation="180" length="100" width="7.8740157480315" flipped="False">
      <text name="pinname" originx="230" originy="-1200" style="Default" rotation="0" justify="left" flipped="False" hidden="False" data="13" />
      <text name="pindes" originx="140" originy="-1180" style="Default" rotation="0" justify="lowerright" flipped="False" hidden="False" data="13" />
    </sympin>
    <sympin number="14" originx="200" originy="-1300" rotation="180" length="100" width="7.8740157480315" flipped="False">
      <text name="pinname" originx="230" originy="-1300" style="Default" rotation="0" justify="left" flipped="False" hidden="False" data="14" />
      <text name="pindes" originx="140" originy="-1280" style="Default" rotation="0" justify="lowerright" flipped="False" hidden="False" data="14" />
    </sympin>
    <sympin number="15" originx="200" originy="-1400" rotation="180" length="100" width="7.8740157480315" flipped="False">
      <text name="pinname" originx="230" originy="-1400" style="Default" rotation="0" justify="left" flipped="False" hidden="False" data="15" />
      <text name="pindes" originx="140" originy="-1380" style="Default" rotation="0" justify="lowerright" flipped="False" hidden="False" data="15" />
    </sympin>
    <sympin number="16" originx="200" originy="-1500" rotation="180" length="100" width="7.8740157480315" flipped="False">
      <text name="pinname" originx="230" originy="-1500" style="Default" rotation="0" justify="left" flipped="False" hidden="False" data="16" />
      <text name="pindes" originx="140" originy="-1480" style="Default" rotation="0" justify="lowerright" flipped="False" hidden="False" data="16" />
    </sympin>
  </symbol>
  <component name="22-28-8160" designatorprefix="J" height="78.740157480314" footprint="22288160">
    <comppin designator="1" sympin="1" pinswap="0" gateswap="0" gate="1" group="1" side="" type="Any" name="1" />
    <comppin designator="2" sympin="2" pinswap="0" gateswap="0" gate="1" group="1" side="" type="Any" name="2" />
    <comppin designator="3" sympin="3" pinswap="0" gateswap="0" gate="1" group="1" side="" type="Any" name="3" />
    <comppin designator="4" sympin="4" pinswap="0" gateswap="0" gate="1" group="1" side="" type="Any" name="4" />
    <comppin designator="5" sympin="5" pinswap="0" gateswap="0" gate="1" group="1" side="" type="Any" name="5" />
    <comppin designator="6" sympin="6" pinswap="0" gateswap="0" gate="1" group="1" side="" type="Any" name="6" />
    <comppin designator="7" sympin="7" pinswap="0" gateswap="0" gate="1" group="1" side="" type="Any" name="7" />
    <comppin designator="8" sympin="8" pinswap="0" gateswap="0" gate="1" group="1" side="" type="Any" name="8" />
    <comppin designator="9" sympin="9" pinswap="0" gateswap="0" gate="1" group="1" side="" type="Any" name="9" />
    <comppin designator="10" sympin="10" pinswap="0" gateswap="0" gate="1" group="1" side="" type="Any" name="10" />
    <comppin designator="11" sympin="11" pinswap="0" gateswap="0" gate="1" group="1" side="" type="Any" name="11" />
    <comppin designator="12" sympin="12" pinswap="0" gateswap="0" gate="1" group="1" side="" type="Any" name="12" />
    <comppin designator="13" sympin="13" pinswap="0" gateswap="0" gate="1" group="1" side="" type="Any" name="13" />
    <comppin designator="14" sympin="14" pinswap="0" gateswap="0" gate="1" group="1" side="" type="Any" name="14" />
    <comppin designator="15" sympin="15" pinswap="0" gateswap="0" gate="1" group="1" side="" type="Any" name="15" />
    <comppin designator="16" sympin="16" pinswap="0" gateswap="0" gate="1" group="1" side="" type="Any" name="16" />
    <attached_symbol gate="1" name="22-28-8160" />
    <pinmap designator="1" footprintpin="1" />
    <pinmap designator="2" footprintpin="2" />
    <pinmap designator="3" footprintpin="3" />
    <pinmap designator="4" footprintpin="4" />
    <pinmap designator="5" footprintpin="5" />
    <pinmap designator="6" footprintpin="6" />
    <pinmap designator="7" footprintpin="7" />
    <pinmap designator="8" footprintpin="8" />
    <pinmap designator="9" footprintpin="9" />
    <pinmap designator="10" footprintpin="10" />
    <pinmap designator="11" footprintpin="11" />
    <pinmap designator="12" footprintpin="12" />
    <pinmap designator="13" footprintpin="13" />
    <pinmap designator="14" footprintpin="14" />
    <pinmap designator="15" footprintpin="15" />
    <pinmap designator="16" footprintpin="16" />
    <text name="Datasheet" originx="0" originy="0" style="Default" rotation="0" justify="" flipped="False" hidden="True" data="https://componentsearchengine.com/Datasheets/1/22-28-8160.pdf" />
    <text name="Description" originx="0" originy="0" style="Default" rotation="0" justify="" flipped="False" hidden="True" data="Headers &amp; Wire Housings BKWY HDR R/A 16P tin" />
    <text name="Mouser Part Number" originx="0" originy="0" style="Default" rotation="0" justify="" flipped="False" hidden="True" data="538-22-28-8160" />
    <text name="Mouser Price/Stock" originx="0" originy="0" style="Default" rotation="0" justify="" flipped="False" hidden="True" data="https://www.mouser.com/Search/Refine.aspx?Keyword=538-22-28-8160" />
    <text name="Manufacturer_Name" originx="0" originy="0" style="Default" rotation="0" justify="" flipped="False" hidden="True" data="Molex" />
    <text name="Manufacturer_Part_Number" originx="650" originy="200" style="Default" rotation="0" justify="left" flipped="False" hidden="False" data="22-28-8160" />
  </component>
</quadcept_library>
