<?xml version="1.0" encoding="utf-8"?>
<!--/1745791/1235919/2.50/3/4/Resistor/-->
<quadcept_library>
  <setting unit="mil" />
  <textstyle name="Default" height="47.244094488189" strokewidth="7.8740157480315" charwidth="47.244094488189" />
  <textstyle name="Dimension" height="19.6850393700787" strokewidth="0" charwidth="19.6850393700787" />
  <textstyle name="H127W0635TH00762" height="50" strokewidth="3" charwidth="25" />
  <textstyle name="H15W15TH02" height="59.0551181102362" strokewidth="7.8740157480315" charwidth="59.0551181102362" />
  <padstyle name="c210_h140" surface="False" plated="True" isvia="False" nopaste="True" nomask="True" complex="False" holesize="55.11811023622">
    <padshape layer="TOP" shape="round" width="82.67716535433" height="82.67716535433" />
    <padshape layer="TOP_SOLDER_MASK" shape="round" width="90.551181102361" height="90.551181102361" />
    <padshape layer="INNER" shape="round" width="82.67716535433" height="82.67716535433" />
    <padshape layer="BOTTOM" shape="round" width="82.67716535433" height="82.67716535433" />
    <padshape layer="BOTTOM_SOLDER_MASK" shape="round" width="90.551181102361" height="90.551181102361" />
  </padstyle>
  <padstyle name="c100_h200" surface="False" plated="True" isvia="False" nopaste="True" nomask="True" complex="False" holesize="78.740157480314">
    <padshape layer="TOP" shape="round" width="39.370078740157" height="39.370078740157" />
    <padshape layer="TOP_SOLDER_MASK" shape="round" width="47.244094488188" height="47.244094488188" />
    <padshape layer="INNER" shape="round" width="39.370078740157" height="39.370078740157" />
    <padshape layer="BOTTOM" shape="round" width="39.370078740157" height="39.370078740157" />
    <padshape layer="BOTTOM_SOLDER_MASK" shape="round" width="47.244094488188" height="47.244094488188" />
  </padstyle>
  <footprint name="N6L50T0C103" originx="0" originy="0" pickpointx="0" pickpointy="0">
    <pcbpin number="1" name="1" style="c210_h140" originx="-98.425196850392" originy="-98.425196850392" rotation="90" />
    <pcbpin number="2" name="2" style="c210_h140" originx="0" originy="98.425196850392" rotation="90" />
    <pcbpin number="3" name="3" style="c210_h140" originx="98.425196850392" originy="-98.425196850392" rotation="90" />
    <pcbpin number="4" name="MH1" style="c100_h200" originx="0" originy="0" rotation="90" />
    <line layer="TOP_ASSEMBLY" originx="-125.9842519685" originy="125.9842519685" endx="125.9842519685" endy="125.9842519685" width="7.8740157480314" />
    <line layer="TOP_ASSEMBLY" originx="125.9842519685" originy="125.9842519685" endx="125.9842519685" endy="-196.85039370078" width="7.8740157480314" />
    <line layer="TOP_ASSEMBLY" originx="125.9842519685" originy="-196.85039370078" endx="-125.9842519685" endy="-196.85039370078" width="7.8740157480314" />
    <line layer="TOP_ASSEMBLY" originx="-125.9842519685" originy="-196.85039370078" endx="-125.9842519685" endy="125.9842519685" width="7.8740157480314" />
    <line layer="TOP_PLACE_BOUND" originx="-179.13385826771" originy="179.13385826771" endx="179.13385826771" endy="179.13385826771" width="3.9370078740157" />
    <line layer="TOP_PLACE_BOUND" originx="179.13385826771" originy="179.13385826771" endx="179.13385826771" endy="-236.22047244094" width="3.9370078740157" />
    <line layer="TOP_PLACE_BOUND" originx="179.13385826771" originy="-236.22047244094" endx="-179.13385826771" endy="-236.22047244094" width="3.9370078740157" />
    <line layer="TOP_PLACE_BOUND" originx="-179.13385826771" originy="-236.22047244094" endx="-179.13385826771" endy="179.13385826771" width="3.9370078740157" />
    <line layer="TOP_SILKSCREEN" originx="-125.9842519685" originy="-137.79527559055" endx="-125.9842519685" endy="-196.85039370078" width="3.9370078740157" />
    <line layer="TOP_SILKSCREEN" originx="-125.9842519685" originy="-196.85039370078" endx="125.9842519685" endy="-196.85039370078" width="3.9370078740157" />
    <line layer="TOP_SILKSCREEN" originx="125.9842519685" originy="-196.85039370078" endx="125.9842519685" endy="-137.79527559055" width="3.9370078740157" />
    <line layer="TOP_SILKSCREEN" originx="-125.9842519685" originy="-39.370078740157" endx="-125.9842519685" endy="125.9842519685" width="3.9370078740157" />
    <line layer="TOP_SILKSCREEN" originx="-125.9842519685" originy="125.9842519685" endx="-59.055118110235" endy="125.9842519685" width="3.9370078740157" />
    <line layer="TOP_SILKSCREEN" originx="59.055118110235" originy="125.9842519685" endx="125.9842519685" endy="125.9842519685" width="3.9370078740157" />
    <line layer="TOP_SILKSCREEN" originx="125.9842519685" originy="125.9842519685" endx="125.9842519685" endy="-39.370078740157" width="3.9370078740157" />
  </footprint>
  <symbol name="N6-L50T0C-103" originx="0" originy="0">
    <line originx="200" originy="100" endx="600" endy="100" width="0" />
    <line originx="600" originy="-200" endx="600" endy="100" width="0" />
    <line originx="600" originy="-200" endx="200" endy="-200" width="0" />
    <line originx="200" originy="100" endx="200" endy="-200" width="0" />
    <sympin number="1" originx="200" originy="0" rotation="180" length="100" width="7.8740157480315" flipped="False">
      <text name="pinname" originx="230" originy="0" style="Default" rotation="0" justify="left" flipped="False" hidden="False" data="1" />
      <text name="pindes" originx="140" originy="20" style="Default" rotation="0" justify="lowerright" flipped="False" hidden="False" data="1" />
    </sympin>
    <sympin number="2" originx="600" originy="0" rotation="0" length="100" width="7.8740157480315" flipped="False">
      <text name="pinname" originx="570" originy="0" style="Default" rotation="0" justify="right" flipped="False" hidden="False" data="2" />
      <text name="pindes" originx="660" originy="20" style="Default" rotation="0" justify="lowerleft" flipped="False" hidden="False" data="2" />
    </sympin>
    <sympin number="3" originx="200" originy="-100" rotation="180" length="100" width="7.8740157480315" flipped="False">
      <text name="pinname" originx="230" originy="-100" style="Default" rotation="0" justify="left" flipped="False" hidden="False" data="3" />
      <text name="pindes" originx="140" originy="-80" style="Default" rotation="0" justify="lowerright" flipped="False" hidden="False" data="3" />
    </sympin>
  </symbol>
  <component name="N6-L50T0C-103" designatorprefix="R" height="299.21259842519" footprint="N6L50T0C103">
    <comppin designator="1" sympin="1" pinswap="0" gateswap="0" gate="1" group="1" side="" type="Any" name="1" />
    <comppin designator="2" sympin="2" pinswap="0" gateswap="0" gate="1" group="1" side="" type="Any" name="2" />
    <comppin designator="3" sympin="3" pinswap="0" gateswap="0" gate="1" group="1" side="" type="Any" name="3" />
    <attached_symbol gate="1" name="N6-L50T0C-103" />
    <pinmap designator="1" footprintpin="1" />
    <pinmap designator="2" footprintpin="2" />
    <pinmap designator="3" footprintpin="3" />
    <text name="Datasheet" originx="0" originy="0" style="Default" rotation="0" justify="" flipped="False" hidden="True" data="https://cz.mouser.com/datasheet/2/18/09-N6v03-1499128.pdf" />
    <text name="Description" originx="0" originy="0" style="Default" rotation="0" justify="" flipped="False" hidden="True" data="Trimmer Resistors - Through Hole 10Kohms 6mm Top adj" />
    <text name="Manufacturer_Name" originx="0" originy="0" style="Default" rotation="0" justify="" flipped="False" hidden="True" data="Amphenol" />
    <text name="Manufacturer_Part_Number" originx="650" originy="200" style="Default" rotation="0" justify="left" flipped="False" hidden="False" data="N6-L50T0C-103" />
    <text name="Mouser Part Number" originx="0" originy="0" style="Default" rotation="0" justify="" flipped="False" hidden="True" data="531-N6-L50T0C-10K" />
    <text name="Mouser Price/Stock" originx="0" originy="0" style="Default" rotation="0" justify="" flipped="False" hidden="True" data="" />
    <text name="Arrow Part Number" originx="0" originy="0" style="Default" rotation="0" justify="" flipped="False" hidden="True" data="" />
    <text name="Arrow Price/Stock" originx="0" originy="0" style="Default" rotation="0" justify="" flipped="False" hidden="True" data="" />
  </component>
</quadcept_library>
